KEY,en,notes,sp,fr,de,it,pt-br
WEATHER_NONE_NAME,Clear Skies,,Ясне небо,Ciel dégagé,Klarer Himmel,Cielo Sereno,Céu limpo
WEATHER_NONE_DESC,There are no weather effects.,,Немаê погодних ефектiв.,Aucun effet météorologique.,Es sind keine Wettereffekte aktiv.,Nessun effetto meteorologico.,Nenhum efeito de clima.
WEATHER_FOG_NAME,Fog,,Туман,Brouillard,Nebel,Nebbia,Neblina
WEATHER_FOG_DESC,All attacks and abilities have a +10% chance to miss.,,Усi атаки та здiбностi мають +10% шанс промаху.,+ 10 % de risque d'échec pour toutes les attaques et compétences.,"Alle Angriffe und Fähigkeiten besitzen eine Wahrscheinlichkeit von +10&nbsp;%, nicht zu treffen.",Tutti gli attacchi e le abilità hanno un +10% di probabilità di mancare il bersaglio.,Todos os ataques e habilidades possuem 10% de chance de errar.
WEATHER_RAIN_NAME,Rain,,Дощ,Pluie,Regen,Pioggia,Chuva
WEATHER_RAIN_DESC,Persistent Water Element.,,Постiйний водний елемент.,Eau persistante.,Durchgängiger Wassereffekt.,Elemento acqua persistente.,Um elemento persistente de água.
WEATHER_HEAVYRAIN_NAME,Heavy Rain,,Сильний дощ,Forte pluie,Starkregen,Pioggia Intensa,Chuva pesada
WEATHER_HEAVYRAIN_DESC,Persistent Water Element. There are extra water tiles in every battle.,,Постiйний водний елемент. У кожнiй битвi ê додатковi воднi клiтинки.,Eau persistante. Des cases d'eau supplémentaires apparaissent à chaque combat.,Durchgängiger Wassereffekt. In jedem Kampf sind zusätzliche Wasserfelder vorhanden.,Elemento acqua persistente. In ogni battaglia sono presenti più caselle d'acqua.,Um elemento persistente de água. Há espaços adicionais de água em cada batalha.
WEATHER_WINDY_NAME,Windy,,Вiтряно,Vent,Wind,Vento,Vento
WEATHER_WINDY_DESC,"At the end of each round, wind blows everything 1 space in a random direction.",,Наприкiнцi кожного раунду вiтер зсуваê все на 1 клiтинку в випадковому напрямку.,"À la fin de chaque manche, le vent repousse tout d'une case dans une direction aléatoire.",Am Ende jeder Runde weht der Wind alles um 1&nbsp;Feld in eine zufällige Richtung.,"Alla fine di ogni round, il vento fa spostare tutto di 1 spazio in una direzione casuale.","No final de cada rodada, o vento empurra tudo por 1 espaço em uma direção aleatória."
WEATHER_SANDSTORM_NAME,Sandstorm,,Пiщана буря,Tempête de sable,Sandsturm,Tempesta di Sabbia,Tempestade de areia
WEATHER_SANDSTORM_DESC,"At the end of each round, damages everything by 1.",,Наприкiнцi кожного раунду завдаê всьому 1 шкоди.,"À la fin de chaque manche, inflige 1 point de dégât partout.",Am Ende jeder Runde erleidet jede Einheit 1&nbsp;Schaden.,"Alla fine di ogni round, infligge 1 di danno a tutto.","No final de cada rodada, causa 1 de dano a tudo."
WEATHER_OVERGROWTH_NAME,Overgrowth,,Заростi,Verdure,Überwucherung,Ipercrescita,Vegetação
WEATHER_OVERGROWTH_DESC,There are extra tall grass and bramble tiles in every battle.,,У кожнiй битвi ê додатковi клiтинки з високою травою та колючками.,Des cases de hautes herbes et de ronces supplémentaires apparaissent à chaque combat.,In jedem Kampf sind zusätzliche Felder vorhanden: Hohes Gras und Dornengestrüpp.,In ogni battaglia sono presenti più caselle con erba alta e rovi.,Há espaços adicionais de grama alta e espinheiros em cada batalha.
WEATHER_EARTHQUAKE_NAME,Earthquake,,Землетрус,Séisme,Erdbeben,Terremoto,Terremoto
WEATHER_EARTHQUAKE_DESC,There was an earthquake! Objects in each battle have been destroyed and there are rocks everywhere!,,"Вiдбувся землетрус! Об'êкти в кожнiй битвi були зруйнованi, i повсюди каменi!",Il y a eu un tremblement de terre ! Les objets de chaque combat ont été détruits et il y a des pierres partout !,Es gab ein Erdbeben! In jedem Kampf wurden Objekte zerstört und überall sind Steine!,C'è stato un terremoto! Gli oggetti in ogni battaglia sono stati distrutti e ci sono rocce ovunque!,Houve um terremoto! Objetos foram destruídos nas batalhas e há pedras por toda parte!
WEATHER_WILDFIRE_NAME,Wildfire,,Пожежа,Incendie,Flächenbrand,Incendio violento,Incêndio
WEATHER_WILDFIRE_DESC,There is fire everywhere!,,Повсюди вогонь!,Il y a du feu partout !,Überall brennt es!,C'è fuoco ovunque!,Há fogo por toda parte!
WEATHER_HEATWAVE_NAME,Heat Wave,,Хвиля спеки,Vague de chaleur,Hitzewelle,Ondata di Caldo,Onda de calor
WEATHER_HEATWAVE_DESC,Cats do not heal after battle. All heals are reduced by 1. Can be mitigated with water.,,Коти не вiдновлюються пiсля бою. Усi ефекти вiдновлення здоров'я зменшенi на 1. Можна пом'якшити водою.,Les chats ne se soignent pas après un combat. -1 à tous les soins. L'effet peut être atténué avec de l'eau.,Katzen stellen nach dem Kampf keine Gesundheit wieder her. Alle Heilungen sind um 1 reduziert. Kann mit Wasser entgegengewirkt werden.,I gatti non guariscono dopo la battaglia. Tutte le cure sono ridotte di 1. L'effetto può essere attenuato con acqua.,Gatos não são curados após a batalha. Todas as curas são reduzidas em 1. Pode ser mitigada com água.
WEATHER_SNOW_NAME,Snow,,Снiг,Neige,Schnee,Neve,Neve
WEATHER_SNOW_DESC,Persistent Ice Element.,,Постiйний льодовий елемент.,Glace persistante.,Durchgängiger Eiseffekt.,Elemento ghiaccio persistente.,Um elemento persistente de neve.
WEATHER_ACIDRAIN_NAME,Acid Rain,,Кислотний дощ,Pluie acide,Säureregen,Pioggia Acida,Chuva ácida
WEATHER_ACIDRAIN_DESC,"At the end of each round, damages everything by 2 with a chance to lower a random stat as well.",,Наприкiнцi кожного раунду завдаê всiм по 2 шкоди та маê шанс також знизити випадкову характеристику.,"À la fin de chaque manche, inflige 2 points de dégât partout avec une chance de réduire une stat aléatoire.",Am Ende jeder Runde erleidet jede Einheit 2 Schaden. Außerdem kann ein zufälliges Attribut sinken.,"Alla fine di ogni round, infligge 2 di danno a tutto e ha anche una probabilità di abbassare una statistica casuale.","No final de cada rodada, causa 2 de dano a tudo com uma chance de diminuir um atributo aleatório."
WEATHER_METEORS_NAME,Meteor Shower,,Метеоритний дощ,Pluie de météorites,Meteorschauer,Pioggia di Meteore,Chuva de meteoros
WEATHER_METEORS_DESC,After each turn there's a chance for a flaming meteor to fall onto a random tile.,,"Пiсля кожного ходу ê шанс, що палаючий метеор впаде на випадкову клiтинку.","Après chaque tour, une météorite en flammes risque de tomber sur une case aléatoire.","Nach jedem Zug besteht eine gewisse Wahrscheinlichkeit, dass ein brennender Meteorit auf ein zufälliges Feld fällt.",Dopo ogni turno c'è una probabilità che una meteora infuocata cada su una casella casuale.,"Após cada turno, há uma chance de um meteoro flamejante cair em um espaço aleatório."
WEATHER_THUNDERSTORM_NAME,Thunderstorm,,Гроза,Orage,Gewitter,Temporale,Tempestade
WEATHER_THUNDERSTORM_DESC,"Persistent Water Element. At the end of each round, wind blows everything 1 space in a random direction. After each turn, there's a chance for a random lightning strike.",,Постiйний водний елемент. Наприкiнцi кожного раунду вiтер здуваê все на 1 клiтинку у випадковому напрямку. Пiсля кожного ходу ê шанс на випадковий удар блискавки.,"Eau persistante. À la fin de chaque manche, le vent repousse tout d'une case dans une direction aléatoire. Après chaque tour, un éclair risque de frapper.",Durchgängiger Wassereffekt. Am Ende jeder Runde weht der Wind alles um 1&nbsp;Feld in eine zufällige Richtung. Nach jedem Zug besteht eine gewisse Wahrscheinlichkeit für einen zufälligen Blitzeinschlag.,"Elemento acqua persistente. Alla fine di ogni round, il vento sposta tutto di 1 spazio in una direzione casuale. Dopo ogni turno, c'è una probabilità che si verifichi un fulmine casuale.","Um elemento persistente de água. No final de cada rodada, o vento empurra tudo por 1 espaço em uma direção aleatória. Após cada turno, há uma chance de um raio aleatório."
WEATHER_FLASHFLOOD_NAME,Flash Flood,,Раптова повiнь,Crue éclair,Sturzflut,Inondazione Improvvisa,Inundação
WEATHER_FLASHFLOOD_DESC,Persistent Water Element. There are a ton of extra water tiles in every battle.,,Постiйний водний елемент. У кожнiй битвi ê багато додаткових водяних клiтинок.,Eau persistante. De nombreuses cases d'eau supplémentaires apparaissent à chaque combat.,Durchgängiger Wassereffekt. In jedem Kampf sind jede Menge zusätzliche Wasserfelder vorhanden.,Elemento acqua persistente. In ogni battaglia ci sono tantissime caselle d'acqua in più.,Um elemento persistente de água. Há muitos espaços adicionais de água em cada batalha.
WEATHER_TRASHDAY_NAME,Trash Day,,День смiття,Jour des poubelles,Kehrwoche,Giorno della Raccolta della Spazzatura,Dia do lixo
WEATHER_TRASHDAY_DESC,There is extra junk in every battle.,,У кожнiй битвi ê додатковий мотлох.,Des détritus supplémentaires apparaissent à chaque combat.,In jedem Kampf liegt zusätzlicher Müll herum.,In ogni battaglia c'è più ciarpame.,Há lixo adicional em cada batalha.
WEATHER_FROGS_NAME,Raining Frogs,,Дощ iз жаб,Pluie de grenouilles,Froschregen,Pioggia di Rane,Chuva de sapos
WEATHER_FROGS_DESC,There are extra neutral frogs in every battle.,,У кожнiй битвi ê додатковi нейтральнi жаби.,Des grenouilles neutres supplémentaires apparaissent à chaque combat.,In jedem Kampf tauchen neutrale Frösche auf.,In ogni battaglia ci sono più rane neutrali.,Há sapos neutros adicionais em cada batalha.
WEATHER_BLOCKAGE_NAME,Pipe Blockage,,Затор у трубi,Canalisations bouchées,Verstopfte Rohre,Tubi Ostruiti,Entupimento de cano
WEATHER_BLOCKAGE_DESC,There is extra poop and sewage in every battle.,,У кожнiй битвi ê додаткове гiвно та стiчнi води.,Des excréments et eaux usées supplémentaires apparaissent à chaque combat.,In jedem Kampf tauchen Häufchen und Ekelschleim auf.,In ogni battaglia ci sono più cacca e liquami.,Há cocô e esgoto adicionais em cada batalha.
WEATHER_PAYDAY_NAME,Pay Day,,День виплат,Jour de paye,Zahltag,Giorno di Paga,Dia de pagamento
WEATHER_PAYDAY_DESC,There are extra coins in every battle.,,У кожнiй битвi ê додатковi монети.,Des pièces supplémentaires apparaissent à chaque combat.,In jedem Kampf tauchen zusätzliche Münzen auf.,In ogni battaglia ci sono più monete.,Há moedas adicionais em cada batalha.
WEATHER_HUNTING_NAME,Hunting Season,,Мисливський сезон,Saison de chasse,Jagdsaison,Stagione di Caccia,Temporada de caça
WEATHER_HUNTING_DESC,There are extra bear traps in every battle.,,У кожнiй битвi ê додатковi капкани для ведмедiв.,Des pièges à ours supplémentaires apparaissent à chaque combat.,In jedem Kampf tauchen zusätzlichen Bärenfallen auf.,In ogni battaglia ci sono più trappole per orsi.,Há armadilhas de urso adicionais em cada batalha.
WEATHER_RESTLESS_NAME,Restless Dead,,Неспокiйнi Мертвi,Éveil des morts,Rastlose Leichen,Morti Inquieti,Mortos despertos
WEATHER_RESTLESS_DESC,Zombies spawn at the end of each round.,,Зомбi заспавнюються в кiнцi кожного раунду.,Des zombies apparaissent à la fin de chaque manche.,Am Ende jeder Runde erscheinen Zombies.,Degli zombie compaiono alla fine di ogni round.,Zumbis surgem no final de cada rodada.
WEATHER_FIREFLY_NAME,Firefly Swarm,,Рiй Свiтлячкiв,Essaim de lucioles,Glühwürmchenschwarm,Sciame di Lucciole,Enxame de vaga-lumes
WEATHER_FIREFLY_DESC,All allies have +2 luck.,,Усi союзники мають +2 до удачi.,Tous les alliés bénéficient de Chance +2.,Alle Verbündeten haben +2&nbsp;Glück.,Tutti gli alleati ricevono +2 alla fortuna.,Todos os aliados possuem +2 de sorte.
WEATHER_BUTTERFLY_NAME,Butterfly Swarm,,Рiй Метеликiв,Essaim de papillons,Schmetterlingsschwarm,Sciame di Farfalle,Enxame de borboletas
WEATHER_BUTTERFLY_DESC,All allies have +2 luck.,,Усi союзники мають +2 до удачi.,Tous les alliés bénéficient de Chance +2.,Alle Verbündeten haben +2&nbsp;Glück.,Tutti gli alleati ricevono +2 alla fortuna.,Todos os aliados possuem +2 de sorte.
WEATHER_FLYSWARM_NAME,Fly Swarm,,Рiй Мух,Essaim de mouches,Fliegenschwarm,Sciame di Mosche,Enxame de moscas
WEATHER_FLYSWARM_DESC,"At the end of each turn, there's a chance to get bitten for 1 damage and 1 Bleed.",,"У кiнцi кожного ходу ê шанс отримати укус, що завдаê 1 шкоди та 1 одиницю Кровотечi.","À la fin de chaque tour, vous risquez de subir une morsure infligeant 1 point de dégât et Saignement +1.","Am Ende jeder Runde besteht die Wahrscheinlichkeit, gebissen zu werden und 1&nbsp;Schaden und 1&nbsp;Blutung zu erleiden.","Alla fine di ogni turno, c'è una probabilità di essere morsi e subire 1 di danno e 1 Sanguinamento.","No final de cada turno, há uma chance de receber uma mordida e sofrer 1 de dano e 1 de sangramento."
WEATHER_TORFLIES_NAME,Fly Swarm,,Рiй Мух,Essaim de mouches,Fliegenschwarm,Sciame di Mosche,Enxame de moscas
WEATHER_TORFLIES_DESC,There's lots of flies!,,Тут багато мух!,Des mouches partout !,Überall sind Fliegen!,Ci sono un sacco di mosche!,Muitas moscas!
WEATHER_LOWGRAV_NAME,Low Gravity,,Низька Гравiтацiя,Faible gravité,Niedrige Gravitation,Bassa Gravità,Gravidade baixa
WEATHER_LOWGRAV_DESC,"Jumps, throws, and projectile abilities have +2 range. All physical abilities have +1 Knockback. Other abilities that cause Knockback have +1 Knockback as well.",,"Стрибки, кидки та здiбностi, якi запускають снаряди, мають +2 до дальностi. Усi фiзичнi здiбностi мають +1 до вiдкидання. Iншi здiбностi, що спричиняють вiдкидання, також мають +1 до вiдкидання.","Portée&nbsp;+2 pour toutes les compétences de saut, de jet et de projectile. Recul&nbsp;+1 pour toutes les compétences physiques. Recul&nbsp;+1 également pour toutes les autres compétences qui infligent Recul.","Sprünge, Würfe und Geschosse haben +2&nbsp;Reichweite. Alle physischen Fähigkeiten haben +1&nbsp;Rückstoß. Andere Fähigkeiten, die bereits Rückstoß haben, haben ebenfalls +1&nbsp;Rückstoß.","Le abilità salto, lancio e proiettile hanno +2 al raggio d'azione. Tutte le abilità fisiche hanno 1+ Contraccolpo. Anche le altre abilità che causano Contraccolpo hanno +1 Contraccolpo.","Saltos, lançamentos e habilidades de projéteis possuem +2 de alcance. Todas as habilidades físicas possuem +1 de empurrão. Outras habilidades que aplicam empurrão também possuem +1 de empurrão."
WEATHER_FIRESTORM_NAME,Firestorm,,Вогняна Буря,Tempête de feu,Feuersturm,Tempesta di Fuoco,Tempestade de fogo
WEATHER_FIRESTORM_DESC,Persistent Fire Element. Fires no longer burn out. Parts of the map are on fire.,,Постiйний вогняний елемент. Вогонь бiльше не гасне. Деякi частини карти охопленi вогнем.,Feu persistant. Le feu ne s'éteint plus. Des parties de la carte sont en feu.,Durchgängiger Feuereffekt. Feuer erlöschen nicht mehr. Mehrere Felder brennen.,Elemento fuoco persistente. Gli incendi non si estinguono. Parti della mappa sono in fiamme.,Um elemento persistente de fogo. O fogo não se apaga mais. Partes do mapa estão pegando fogo.
WEATHER_KAIJUFIRE_NAME,Firestorm,,Вогняна Буря,Tempête de feu,Feuersturm,Tempesta di Fuoco,Tempestade de fogo
WEATHER_KAIJUFIRE_DESC,Persistent Fire Element. Fireballs occasionally rain down from the sky. Fires no longer burn out.,,Постiйний вогняний елемент. Iнодi з неба падають вогнянi кулi. Вогонь бiльше не гасне.,Feu persistant. Des boules de feu tombent périodiquement du ciel. Le feu ne s'éteint plus.,Durchgängiger Feuereffekt. In gewissen Abständen regnet Feuer vom Himmel. Feuer erlöschen nicht mehr.,Elemento fuoco persistente. Di tanto in tanto dal cielo piovono palle di fuoco. Le fiamme non si estinguono più.,Um elemento persistente de fogo. Bolas de fogo caem do céu ocasionalmente. O fogo não se apaga mais.
WEATHER_METEORNADO_NAME,Meteornado,,Метеоторнадо,Météornade,Meteornado,Meteornado,Meteoronado
WEATHER_METEORNADO_DESC,"At the end of each round, damages everything by 1 with a 33% chance to Bruise.",,У кiнцi кожного раунду завдаê всiм 1 шкоди з 33% шансом спричинити Синець.,"À la fin de chaque manche, inflige 1 point de dégât partout avec 33 % de chance de Contusion.","Am Ende jeder Runde erleiden alle Einheiten 1&nbsp;Schaden und es besteht eine Wahrscheinlichkeit von 33&nbsp;%, Beulen zu erleiden.","Alla fine di ogni round, infligge 1 di danno a tutto con un 33% di probabilità di Livido.","No final de cada rodada, causa 1 de dano a tudo com 33% de chance de causar contusão."
WEATHER_KAIJUMETEORNADO_NAME,Meteornado,,Метеоторнадо,Météornade,Meteornado,Meteornado,Meteoronado
WEATHER_KAIJUMETEORNADO_DESC,"At the end of each round, damages everything by 1 with a 33% chance to Bruise.",,У кiнцi кожного раунду завдаê всiм 1 шкоди з 33% шансом спричинити Синець.,"À la fin de chaque manche, inflige 1 point de dégât partout avec 33 % de chance de Contusion.","Am Ende jeder Runde erleiden alle Einheiten 1&nbsp;Schaden und es besteht eine Wahrscheinlichkeit von 33&nbsp;%, Beulen zu erleiden.","Alla fine di ogni round, infligge 1 di danno a tutto con un 33% di probabilità di Livido.","No final de cada rodada, causa 1 de dano a tudo com 33% de chance de causar contusão."
WEATHER_KAIJUMETEORSOLO_NAME,Meteornado,,Метеорнадо,Météornade,Meteornado,Meteornado,Meteoronado
WEATHER_KAIJUMETEORSOLO_DESC,"At the end of each round, damages everything by 1 with a 33% chance to Bruise.",,Наприкiнцi кожного раунду завдаê всiм по 1 шкоди та маê 33% шанс спричинити Ушиб.,"À la fin de chaque manche, inflige 1 point de dégât partout avec 33 % de chance de Contusion.","Am Ende jeder Runde erleiden alle Einheiten 1&nbsp;Schaden und es besteht eine Wahrscheinlichkeit von 33&nbsp;%, Beulen zu erleiden.","Alla fine di ogni round, infligge 1 di danno a tutto con un 33% di probabilità di Livido.","No final de cada rodada, causa 1 de dano a tudo com 33% de chance de causar contusão."
WEATHER_ROBOTS_NAME,Robot Uprising,,Повстання роботiв,Soulèvement des machines,Roboteraufstand,Rivolta dei Robot,Levante de robôs
WEATHER_ROBOTS_DESC,2-4 robots spawn in each battle. All robots have gone rogue!,,У кожнiй битвi з'являються 2-4 роботи. Усi роботи збунтувалися!,2 à 4&nbsp;robots apparaissent à chaque combat. Tous les robots se rebellent !,In jedem Kampf erscheinen 2&nbsp;– 4 Roboter. Alle Roboter sind durchgedreht!,In ogni battaglia compaiono 2-4 robot. Tutti i robot sono fuori controllo!,2-4 robôs surgem em cada batalha. Todos os robôs se rebelaram!
WEATHER_HAUNTED_NAME,Haunted Night,,Нiч привидiв,Nuit hantée,Verfluchte Nacht,Notte Spettrale,Noite mal-assombrada
WEATHER_HAUNTED_DESC,2-4 ghosts spawn in each battle. All ghosts have gone rogue!,,У кожнiй битвi з'являються 2-4 привиди. Усi привиди збунтувалися!,2 à 4&nbsp;fantômes apparaissent à chaque combat. Tous les fantômes se rebellent !,In jedem Kampf erscheinen 2&nbsp;– 4 Geister. Alle Geister sind durchgedreht!,In ogni battaglia compaiono 2-4 fantasmi. Tutti i robot sono fuori controllo!,2-4 fantasmas surgem em cada batalha. Todos os fantasmas se rebelaram!
WEATHER_MIGRATION_NAME,Bird Migration,,Мiграцiя птахiв,Migration aviaire,Vogelzug,Migrazione degli Uccelli,Migração de pássaros
WEATHER_MIGRATION_DESC,1-2 extra birds spawn in each battle.,,У кожнiй битвi з'являються ще 1-2 птахи.,1 à 2&nbsp;oiseaux supplémentaires apparaissent à chaque combat.,In jedem Kampf erscheinen 1&nbsp;– 2 zusätzliche Vögel.,In ogni battaglia compaiono 1-2 uccelli in più.,1-2 pássaros adicionais surgem em cada batalha.
WEATHER_COCKROACHES_NAME,Cockroach Infestation,,Нашестя тарганiв,Invasion de cafards,Kakerlakennest,Infestazione di Scarafaggi,Infestação de baratas
WEATHER_COCKROACHES_DESC,All units have a 25% chance to start each battle with Fear or Poison.,,Усi юнiти мають 25% шанс почати кожну битву зi Страхом або Отруêнням.,Toutes les unités ont 25 % de chances de commencer chaque combat avec Peur ou Poison.,"Für alle Einheiten besteht eine Wahrscheinlichkeit von 25&nbsp;%, jeden Kampf mit Angst oder Gift zu beginnen.",Tutte le unità hanno un 25% di probabilità di iniziare ogni battaglia con Paura o Veleno.,Todas as unidades possuem 25% de chance de iniciar cada batalha com medo ou veneno.
WEATHER_JUDGEMENT_NAME,Judgement Day,,День Суду,Jugement dernier,Tag des jüngsten Gerichts,Giorno del Giudizio,Dia do julgamento
WEATHER_JUDGEMENT_DESC,Some tiles will get Raptured at the end of each round during the battle. More tiles are affected every round.,,Деякi клiтинки наприкiнцi кожного раунду пiд час бою будуть вознесенi. З кожним раундом зачiпаêться бiльше клiтинок.,Certaines cases seront Purifiées à la fin de chaque manche pendant le combat. De plus en plus de cases seront affectées à chaque manche.,Manche Felder werden am Ende jeder Runde ausgelöscht. Mit jeder Runde sind mehr Felder betroffen.,"Durante la battaglia, alcune caselle saranno distrutte da un raggio divino alla fine di ogni round. Più caselle ne saranno colpite a ogni round.",Alguns espaços são arrebatados no final de cada rodada durante a batalha. Mais espaços são afetados a cada rodada.
WEATHER_PANDEMONIUM_NAME,Pandemonium,,Пандемонiум,Pandémonium,Chaos,Pandemonio,Pandemônio
WEATHER_PANDEMONIUM_DESC,All units have a 25% chance to have Madness each round.,,Усi юнiти мають 25% шанс отримати Божевiлля кожного раунду.,Toutes les unités ont 25 % de chances de subir Folie à chaque manche.,"Für alle Einheiten besteht jede Runde eine Wahrscheinlichkeit von 25&nbsp;%, Wahnsinn zu erleiden.",Tutte le unità hanno un 25% di probabilità di subire Follia a ogni round.,Todas as unidades possuem uma chance de 25% de sofrer insanidade a cada rodada.
WEATHER_HOLLOWING_NAME,The Hollowing,,Опустошення,Saison des carcasses,Wiedergang,Il Vuoto,Alma vazia
WEATHER_HOLLOWING_DESC,"At the end of the round, each corpse has a 25% chance to revive at half health with Madness 5.",,Наприкiнцi раунду кожен труп маê 25% шанс воскреснути з половиною здоров'я i з Божевiллям 5.,"À la fin de chaque manche, chaque cadavre a 25 % de chances de se relever avec la moitié de sa vie et Folie +5.","Am Ende einer Runde besteht für jede Leiche eine Wahrscheinlichkeit von 25&nbsp;%, mit der Hälfte ihrer LP und Wahnsinn&nbsp;5 wiederbelebt zu werden.","Alla fine del round, ogni cadavere ha un 25% di probabilità di tornare in vita con metà salute e Follia 5.","No final da rodada, cada cadáver possui uma chance de 25% de ser revivido com metade da saúde e insanidade 5."
WEATHER_OILSPILL_NAME,Oil Spill,,Розлив смоли,Marée noire,Ölteppich,Fuoriuscita di Petrolio,Derramamento de óleo
WEATHER_OILSPILL_DESC,A puddle of tar appears in each battle.,,У кожнiй битвi з'являêться калюжа дьогтю.,Une flaque de goudron apparaît à chaque combat.,In jedem Kampf taucht eine Teerpfütze auf.,In ogni battaglia compare una pozza di catrame.,Uma poça de piche surge em cada batalha.
WEATHER_BLIZZARD_NAME,Blizzard!,,Метель!,Blizzard,Schneesturm!,Bufera di Neve!,Tempestade de neve!
WEATHER_BLIZZARD_DESC,"Persistent Ice Element. At the end of each round, wind blows everything 1 space in a random direction. After each turn, there's a chance for a random lightning strike.",,Постiйний льодовий ефект. Наприкiнцi кожного раунду вiтер зсуваê все на 1 клiтинку в випадковому напрямку. Пiсля кожного ходу ê шанс випадковоï блискавки.,"Glace persistante. À la fin de chaque manche, le vent repousse tout d'une case dans une direction aléatoire. Après chaque tour, un éclair risque de frapper.",Durchgängiger Eiseffekt. Am Ende jeder Runde weht der Wind alles um 1&nbsp;Feld in eine zufällige Richtung. Nach jedem Zug besteht eine gewisse Wahrscheinlichkeit für einen zufälligen Blitzeinschlag.,"Elemento ghiaccio persistente. Alla fine di ogni round, il vento sposta tutto di 1 spazio in una direzione casuale. Dopo ogni turno, c'è una probabilità che si verifichi un fulmine casuale.","Um elemento persistente de gelo. No final de cada rodada, o vento empurra tudo por 1 espaço em uma direção aleatória. Após cada turno, há uma chance de um raio aleatório."
WEATHER_HURRICANE_NAME,Hurricane!,,Ураган!,Ouragan,Orkan!,Uragano!,Furacão!
WEATHER_HURRICANE_DESC,"At the end of each round, wind blows everything 10 spaces in a random direction.",,Наприкiнцi кожного раунду вiтер зносить все на 10 клiтинок у випадковому напрямку.,"À la fin de chaque manche, le vent repousse tout de 10 cases dans une direction aléatoire.",Am Ende jeder Runde weht der Wind alles um 10&nbsp;Felder in eine zufällige Richtung.,"Alla fine di ogni round, il vento sposta tutto di 10 spazi in una direzione casuale.","No final de cada rodada, o vento empurra tudo por 10 espaços em uma direção aleatória."
WEATHER_STRANGESPIKES_NAME,Strange Spikes!,,Дивнi Шипи!,Étranges épines,Merkwürdige Spitzen!,Strani Spuntoni!,Espinhos estranhos!
WEATHER_STRANGESPIKES_DESC,"At the end of the round, all units gain +1 Thorns.",,Наприкiнцi раунду всi юнiти отримують +1 до Шипiв.,"À la fin de la manche, confère Épines&nbsp;+1 à toutes les unités.",Am Ende jeder Runde erhalten alle Einheiten +1&nbsp;Dornen.,"Alla fine di ogni round, tutte le unità ottengono +1 Spine.","No final de cada rodada, todas as unidades obtém +1 de espinhos."
WEATHER_BLESSED_NAME,Blessed Day!,,Благословений день!,Bénédiction,Gesegneter Tag!,Giornata Sacra!,Dia abençoado!
WEATHER_BLESSED_DESC,All units have +3 Health Regen. Persistent Holy Element.,,Усi юнiти мають +3 до вiдновлення здоров'я. Постiйний Святий Елемент.,Régénération de santé&nbsp;+3 pour toutes les unités. Sacré persistant.,Alle Einheiten haben +3&nbsp;Lebensregeneration. Durchgängiger heiliger Effekt.,Tutte le unità hanno +3 a Rigenerazione Salute. Elemento sacro persistente.,Todas as unidades obtêm +3 de regeneração de saúde. Um elemento sagrado persistente.
WEATHER_STEALTH_NAME,Stealth Mission,,Мiсiя невидимостi,Mission d'infiltration,Geheimmission,Missione Furtiva,Missão furtiva
WEATHER_STEALTH_DESC,All units gain Stealth at the start of the battle.,,Усi юнiти отримують Невидимiсть на початку бою.,Toutes les unités obtiennent Furtivité au début du combat.,Alle Einheiten erhalten am Anfang des Kampfes Schleichen.,Tutte le unità ottengono Furtività all'inizio della battaglia.,Todas as unidades obtêm furtividade no início da batalha.
WEATHER_INFESTATION_NAME,Infestation,,Нашестя,Infestation,Plage,Infestazione,Infestação
WEATHER_INFESTATION_DESC,All non-tiny units explode into maggots or flies when they die.,,"Усi юнiти, що не ê крихiтними, вибухають у личинки або мухи, коли вмирають.","Toutes les unités, à l'exception des plus petites, explosent en asticots ou en mouches à leur mort.","Alle Einheiten, die nicht winzig sind, explodieren in einem Haufen Maden oder Fliegen, wenn sie sterben.",Tutte le unità non minuscole esplodono diventando larve o mosche quando muoiono.,Todas as unidades não minúsculas explodem em vermes e moscas ao morrer.
WEATHER_ERUPTION_NAME,Eruption,,Виверження,Éruption volcanique,Eruption,Eruzione,Erupção
WEATHER_ERUPTION_DESC,A mini volcano spawns in each battle.,,У кожнiй битвi заспавнюêться мiнi-вулкан.,Un mini volcan apparaît à chaque combat.,In jedem Kampf erscheint ein kleiner Vulkan.,In ogni battaglia viene generato un mini vulcano.,Um mini vulcão surge em cada batalha.
WEATHER_DRUGS_NAME,Drug Awareness Day,,День обiзнаностi про наркотики,Sensibilisation aux drogues,Weltdrogentag,Giornata di Sensibilizzazione sulle Droghe,Dia de combate às drogas
WEATHER_DRUGS_DESC,There is extra catnip in every battle. Find a random pill after every battle.,,У кожнiй битвi бiльше котячоï м'яти. Пiсля кожноï битви отримуйте випадкову пiгулку.,De l'herbe à chat supplémentaire apparaît à chaque combat. Vous trouvez une pilule aléatoire après chaque combat.,In jedem Kampf erscheint eine zufällige Katzenminze. Nach jedem Kampf findest du eine zufällige Pille.,C'è più erba gatta in ogni battaglia. Trovi una pillola casuale dopo ogni battaglia.,Há ervas-de-gato adicionais em cada batalha. Encontre uma pílula aleatória após cada batalha.
WEATHER_TRAININGDAY_NAME,Training Day,,День тренувань,Jour d'entraînement,Fitnesstag,Allenamento,Dia de treinamento
WEATHER_TRAININGDAY_DESC,A punching bag with Kinetic Spikes 5 spawns in each battle.,,У кожнiй битвi заспавнюêться боксерська груша з Kinetic Spikes 5.,Un sac de frappe avec Pics cinétiques&nbsp;+5 apparaît à chaque combat.,In jedem Kampf erscheint ein Sandsack mit Kinetiknadeln&nbsp;5.,In ogni battaglia compare un sacco da boxe con 5 Spuntoni Cinetici.,Um saco de pancada com espinhos cinéticos 5 surge em cada batalha.
WEATHER_TORNADOES_NAME,Tornadoes,,Торнадо,Tornades,Wirbelsturm,Tornadi,Tornados
WEATHER_TORNADOES_DESC,Twisters spawn each round.,,Торнадо заспавнюються кожного раунду.,Des tornades apparaissent à chaque manche.,In jeder Runde erscheinen Wirbelstürme.,In ogni round compaiono Trombe d'Aria.,Tornados surgem a cada rodada.
WEATHER_CRAZY_NAME,Crazy Weather,,Божевiльна погода,Météo imprévisible,Verrücktes Wetter,Clima Pazzarello,Tempo maluco
WEATHER_CRAZY_DESC,The weather around here is crazy! It's different every battle!,,Погода тут божевiльна! Вона рiзна в кожнiй битвi!,Il fait un drôle de temps ici ! La météo change à chaque combat !,Das Wetter ist total durchgedreht! Es ändert sich in jedem Kampf!,Il clima da queste parti è pazzarello! È diverso a ogni battaglia!,O tempo aqui é maluco! Ele é diferente em cada batalha!
WEATHER_BOUNTY_NAME,Bounty Hunting,,Полювання за винагородою,Chasse aux primes,Kopfgeldjagd,Cacciatore di Taglie,Caça à recompensa
WEATHER_BOUNTY_DESC,A random unit in each battle has a bounty. A Bounty Hunter is here to collect.,,"У кожнiй битвi випадковий юнiт маê винагороду. Мисливець за винагородою тут, щоб ïï забрати.",Une prime est assignée à une unité aléatoire à chaque combat. Un chasseur de primes est là pour la récupérer.,"In jedem Kampf ist auf eine zufällige Einheit ein Kopfgeld ausgesetzt. Ein Kopfgeldjäger erscheint, um es einzufordern.",In ogni battaglia un'unità casuale ha una taglia sulla testa. Un cacciatore di taglie è qui per riscuoterla.,Uma unidade aleatória em cada batalha possui uma recompensa. Um caçador de recompensas surgirá para coletá-la.
WEATHER_MINESWEEPER_NAME,Minesweeper,,Сапер,Démineur,Minenkraft,Campo Minato,Campo minado
WEATHER_MINESWEEPER_DESC,There are extra land mines in every battle.,,У кожнiй битвi ê додатковi мiни.,Des mines supplémentaires apparaissent à chaque combat.,In jedem Kampf erscheinen zusätzliche Minen.,In tutte le battaglie ci sono più mine.,Há minas terrestres adicionais em cada batalha.
WEATHER_ALIENS_NAME,Alien Invasion,,Вторгнення прибульцiв,Invasion extraterrestre,Alieninvasion,Invasione Aliena,Invasão alienígena
WEATHER_ALIENS_DESC,2-4 aliens spawn in each battle. Aliens are invading!,,У кожнiй битвi заспавняться 2-4 прибульцi. Прибульцi вторгаються!,2 à 4&nbsp;extraterrestres apparaissent à chaque combat. C'est une invasion !,In jedem Kampf erscheinen 2&nbsp;– 4 Aliens. Sie sind unter uns!,In ogni battaglia compaiono 2-4 alieni. Gli alieni stanno invadendo!,2-4 alienígenas surgem em cada batalha. Os alienígenas estão invadindo!
WEATHER_BIRDEMIC_NAME,Birdemic,,Пташиний апокалiпсис,Invasion aviaire,Vogelgrippe,Apocalisse Alata,Gripe aviária
WEATHER_BIRDEMIC_DESC,"2-4 birds spawn in each battle. All birds are stronger, and angry!",,У кожнiй битвi заспавняться 2-4 птахи. Усi птахи сильнiшi й злi!,"2 à 4&nbsp;oiseaux apparaissent à chaque combat. Tous les oiseaux sont plus forts, et ils sont furieux !",In jedem Kampf erscheinen 2&nbsp;– 4 Vögel. Alle Vögel sind stärker und sauer!,In ogni battaglia compaiono 2-4 uccelli. Tutti gli uccelli sono più forti e arrabbiati!,2-4 pássaros surgem em cada batalha. Todos os pássaros são mais fortes e mais irritados!
WEATHER_SOLARFLARE_NAME,Solar Flare,,Сонячна спалаха,Éruption solaire,Sonneneruption,Eruzione Solare,Tempestade solar
WEATHER_SOLARFLARE_DESC,"A solar flare strikes a large area at the end of each round, Burning and inflicting Blind.",,"Сонячна спалаха вражаê велику дiлянку наприкiнцi кожного раунду, пiдпалюючи й накладаючи Слiпоту.",Une éruption solaire brûle une large zone à la fin de chaque manche et inflige Cécité.,Eine Sonneneruption schlägt am Ende jeder Runde in einem bestimmten Bereich ein. Sie verursacht Verbrennung und Blindheit.,"Un'eruzione solare colpisce un'ampia area alla fine di ogni round, infliggendo Bruciatura e Accecamento.","Uma tempestade solar atinge uma grande área no final de cada rodada, causando queimadura e aplicando cegueira."
WEATHER_GEOMAGSTORM_NAME,Geomagnetic Storm,,Геомагнiтна буря,Tempête géomagnétique,Geomagnetischer Sturm,Tempesta Geomagnetica,Tempestade geomagnética
WEATHER_GEOMAGSTORM_DESC,All rocks levitate at the end of the round. Extra rocks spawn in each battle.,,Усi каменi левiтують наприкiнцi раунду. У кожнiй битвi заспавняться додатковi каменi.,Toutes les pierres lévitent à la fin de la manche. Des pierres supplémentaires apparaissent à chaque combat.,Alle Steine fangen am Ende der Runde an zu schweben. In jedem Kampf erscheinen zusätzliche Steine.,Tutte le rocce levitano alla fine del round. In ogni battaglia compaiono più rocce.,Todas as pedras levitam no final de cada rodada. Pedras adicionais surgem em cada batalha.
WEATHER_SHIMMER_NAME,The Shimmer,,Мерехтiння,Le Chatoiement,Der Schimmer,Il Luccicchio,Brilho
WEATHER_SHIMMER_DESC,All units gain a random status effect at the start of each round. Cats gain a random mutation at the end of each battle.,,Усi юнiти на початку кожного раунду отримують випадковий статусний ефект. Коти отримують випадкову мутацiю наприкiнцi кожноï битви.,Toutes les unités obtiennent une altération d'état au début de chaque manche. Les chats obtiennent une mutation aléatoire à la fin de chaque combat.,Alle Einheiten erhalten am Anfang jeder Runde einen zusätzlichen Statuseffekt. Katzen erhalten am Ende jedes Kampfes eine zufällige Mutation.,Tutte le unità ottengono un effetto di stato casuale all'inizio di ogni round. I gatti ottengono una mutazione casuale alla fine di ogni battaglia.,Todas as unidades obtêm um efeito de estado aleatório no início de cada rodada. Gatos obtêm uma mutação aleatória no final de cada batalha.
WEATHER_STRANGEEGGS_NAME,Strange Eggs,,Дивнi яйця,Étranges œufs,Merkwürdige Eier,Uova Strane,Ovos estranhos
WEATHER_STRANGEEGGS_DESC,3-6 strange eggs spawn in each battle. Kill them before they hatch!,,"У кожнiй битвi заспавняться 3-6 дивних яêць. Вбийте ïх, поки вони не вилупилися!",3 à 6&nbsp;œufs étranges apparaissent à chaque combat. Détruisez-les avant qu'ils n'éclosent !,"In jedem Kampf erscheinen 3&nbsp;– 6 merkwürdige Eier. Töte sie, bevor sie schlüpfen!",In ogni battaglia compaiono 3-6 uova strane. Distruggile prima che si schiudano!,3-6 ovos estranhos surgem em cada batalha. Destrua-os antes que eles eclodam!
WEATHER_ALIENOVERGROWTH_NAME,Alien Overgrowth,,Прибульча заросль,Prolifération alien,Außerirdische Überwucherung,Proliferazione Aliena,Vegetação alienígena
WEATHER_ALIENOVERGROWTH_DESC,"A few bramble patches spawn in each battle, but something is strange about them...",,"У кожнiй битвi заспавняться кiлька заростей терну, але з ними щось не так...","Quelques ronces apparaissent à chaque combat, mais elles ont quelque chose d'étrange...",In jedem Kampf erscheint Dornengestrüpp. Aber irgendetwas ist komisch an ihm&nbsp;…,"In ogni battaglia compaiono alcuni cespugli di rovi, ma c'è qualcosa di strano in loro...","Alguns espinheiros surgem em cada batalha, mas há algo de estranho neles..."
,,,,,,,
,,,,,,,
,,,,,,,
,,,,,,,
,,,,,,,
,,,,,,,
,,,,,,,
,,,,,,,
,,,,,,,
,,,,,,,
,,,,,,,
,,,,,,,
,,,,,,,
,,,,,,,
,,,,,,,
,,,,,,,
,,,,,,,
,,,,,,,
,,,,,,,
,,,,,,,
,,,,,,,
,,,,,,,
,,,,,,,
,,,,,,,
,,,,,,,
,,,,,,,
,,,,,,,
,,,,,,,
,,,,,,,
,,,,,,,
,,,,,,,
,,,,,,,
,,,,,,,
,,,,,,,
,,,,,,,
,,,,,,,
,,,,,,,
,,,,,,,
,,,,,,,
,,,,,,,
,,,,,,,
,,,,,,,
,,,,,,,
,,,,,,,
,,,,,,,
,,,,,,,
,,,,,,,
,,,,,,,
,,,,,,,
,,,,,,,
,,,,,,,
,,,,,,,
,,,,,,,
,,,,,,,
,,,,,,,
,,,,,,,
,,,,,,,
,,,,,,,
,,,,,,,
,,,,,,,
,,,,,,,
,,,,,,,
,,,,,,,
,,,,,,,
,,,,,,,
,,,,,,,
,,,,,,,
,,,,,,,
,,,,,,,
,,,,,,,
,,,,,,,
,,,,,,,
,,,,,,,
,,,,,,,
,,,,,,,
,,,,,,,
,,,,,,,
,,,,,,,
,,,,,,,
,,,,,,,
,,,,,,,
,,,,,,,
,,,,,,,
,,,,,,,
,,,,,,,
,,,,,,,
,,,,,,,
,,,,,,,
,,,,,,,
,,,,,,,
,,,,,,,
,,,,,,,
,,,,,,,
,,,,,,,
,,,,,,,
,,,,,,,
,,,,,,,
,,,,,,,
,,,,,,,
,,,,,,,
,,,,,,,
,,,,,,,
,,,,,,,
,,,,,,,
,,,,,,,
,,,,,,,
,,,,,,,
,,,,,,,
,,,,,,,
,,,,,,,
,,,,,,,
,,,,,,,
,,,,,,,
,,,,,,,
,,,,,,,
,,,,,,,
,,,,,,,
,,,,,,,
,,,,,,,
,,,,,,,
,,,,,,,
,,,,,,,
,,,,,,,
,,,,,,,
,,,,,,,
,,,,,,,
,,,,,,,
,,,,,,,
,,,,,,,
,,,,,,,
,,,,,,,
,,,,,,,
,,,,,,,
,,,,,,,
,,,,,,,
,,,,,,,
,,,,,,,
,,,,,,,
,,,,,,,
,,,,,,,
,,,,,,,
,,,,,,,
,,,,,,,
,,,,,,,
,,,,,,,
,,,,,,,
,,,,,,,
,,,,,,,
,,,,,,,
,,,,,,,
,,,,,,,
,,,,,,,
,,,,,,,
,,,,,,,
,,,,,,,
,,,,,,,
,,,,,,,
,,,,,,,
,,,,,,,
,,,,,,,
,,,,,,,
,,,,,,,
,,,,,,,
,,,,,,,
,,,,,,,
,,,,,,,
,,,,,,,
,,,,,,,
,,,,,,,
,,,,,,,
,,,,,,,
,,,,,,,
,,,,,,,
,,,,,,,
,,,,,,,
,,,,,,,
,,,,,,,
,,,,,,,
,,,,,,,
,,,,,,,
,,,,,,,
,,,,,,,
,,,,,,,
,,,,,,,
,,,,,,,
,,,,,,,
,,,,,,,
,,,,,,,
,,,,,,,
,,,,,,,
,,,,,,,
,,,,,,,
,,,,,,,
,,,,,,,
,,,,,,,
,,,,,,,
,,,,,,,
,,,,,,,
,,,,,,,
,,,,,,,
,,,,,,,
,,,,,,,
,,,,,,,
,,,,,,,
,,,,,,,
,,,,,,,
,,,,,,,
,,,,,,,
,,,,,,,
,,,,,,,
,,,,,,,
,,,,,,,
,,,,,,,
,,,,,,,
,,,,,,,
,,,,,,,
,,,,,,,
,,,,,,,
,,,,,,,
,,,,,,,
,,,,,,,
,,,,,,,
,,,,,,,
,,,,,,,
,,,,,,,
,,,,,,,
,,,,,,,
,,,,,,,
,,,,,,,
,,,,,,,
,,,,,,,
,,,,,,,
,,,,,,,
,,,,,,,
,,,,,,,
,,,,,,,
,,,,,,,
,,,,,,,
,,,,,,,
,,,,,,,
,,,,,,,
,,,,,,,
,,,,,,,
,,,,,,,
,,,,,,,
,,,,,,,
,,,,,,,
,,,,,,,
,,,,,,,
,,,,,,,
,,,,,,,
,,,,,,,
,,,,,,,
,,,,,,,
,,,,,,,
,,,,,,,
,,,,,,,
,,,,,,,
,,,,,,,
,,,,,,,
,,,,,,,
,,,,,,,
,,,,,,,
,,,,,,,
,,,,,,,
,,,,,,,
,,,,,,,
,,,,,,,
,,,,,,,
,,,,,,,
,,,,,,,
,,,,,,,
,,,,,,,
,,,,,,,
,,,,,,,
,,,,,,,
,,,,,,,
,,,,,,,
,,,,,,,
,,,,,,,
,,,,,,,
,,,,,,,
,,,,,,,
,,,,,,,
,,,,,,,
,,,,,,,
,,,,,,,
,,,,,,,
,,,,,,,
,,,,,,,
,,,,,,,
,,,,,,,
,,,,,,,
,,,,,,,
,,,,,,,
,,,,,,,
,,,,,,,
,,,,,,,
,,,,,,,
,,,,,,,
,,,,,,,
,,,,,,,
,,,,,,,
,,,,,,,
,,,,,,,
,,,,,,,
,,,,,,,
,,,,,,,
,,,,,,,
,,,,,,,
,,,,,,,
,,,,,,,
,,,,,,,
,,,,,,,
,,,,,,,
,,,,,,,
,,,,,,,
,,,,,,,
,,,,,,,
,,,,,,,
,,,,,,,
,,,,,,,
,,,,,,,
,,,,,,,
,,,,,,,
,,,,,,,
,,,,,,,
,,,,,,,
,,,,,,,
